target,model,best_params,cv_best_MAE,cv_fits,search_seconds,MAE,RMSE,R2,DirectionalAccuracy,rank_by_MAE
close_return,dummy_mean,{'strategy': 'mean'},,1,0.0,0.005967294492706991,0.008147795083442506,-0.00019167289760124717,0.5245143385753932,1.0
close_return,lasso,"{'imputer__strategy': 'median', 'model__alpha': 0.001, 'scaler': StandardScaler(), 'variance__threshold': 0.0}",0.00957152401239649,5,13.941437721252441,0.005967294492706991,0.008147795083442506,-0.00019167289760124717,0.5245143385753932,1.0
close_return,elasticnet,"{'imputer__strategy': 'median', 'model__alpha': 0.001, 'model__l1_ratio': 0.5, 'scaler': PowerTransformer(), 'variance__threshold': 0.0}",0.009544394343485222,5,20.166487455368042,0.005976959049407147,0.008169310029496741,-0.005480829321628411,0.5023126734505088,3.0
close_return,ridge,"{'imputer__strategy': 'median', 'model__alpha': 20, 'scaler': MinMaxScaler(), 'variance__threshold': 0.0}",0.016610942310032375,10,29.21202301979065,0.0060164767023647946,0.008217754490167987,-0.01744130156317314,0.5143385753931545,4.0
close_return,huber,"{'imputer__strategy': 'median', 'model__alpha': 0.001, 'model__epsilon': 1.35, 'scaler': RobustScaler(), 'variance__threshold': 0.0}",0.02335023223622643,5,147.4628529548645,0.006072008357955352,0.008323165312481302,-0.04371056500296144,0.5161887141535615,5.0
close_return,svr,"{'imputer__strategy': 'median', 'model__C': 1, 'model__epsilon': 0.01, 'model__gamma': 'scale', 'scaler': StandardScaler(), 'variance__threshold': 0.0}",0.010940976945768859,10,56.55413866043091,0.00741746241286411,0.009861543862452742,-0.46518633637854245,0.5087881591119334,6.0
open_return,ridge,"{'imputer__strategy': 'median', 'model__alpha': 20, 'scaler': MinMaxScaler(), 'variance__threshold': 0.0}",0.005597890067029185,10,29.271647214889526,0.0034648284181429986,0.005649178538414714,-0.021794593415546792,0.5985198889916744,1.0
open_return,dummy_mean,{'strategy': 'mean'},,1,0.0,0.003486071754347111,0.005671929743785952,-0.030041410355745368,0.6003700277520814,2.0
open_return,lasso,"{'imputer__strategy': 'median', 'model__alpha': 0.001, 'scaler': MinMaxScaler(), 'variance__threshold': 0.0}",0.003944943846182007,5,13.945777654647827,0.003486071754347111,0.005671929743785952,-0.030041410355745368,0.6003700277520814,2.0
open_return,elasticnet,"{'imputer__strategy': 'median', 'model__alpha': 0.001, 'model__l1_ratio': 0.5, 'scaler': MinMaxScaler(), 'variance__threshold': 0.0}",0.003944943846182007,5,14.065118074417114,0.003486071754347111,0.005671929743785952,-0.030041410355745368,0.6003700277520814,2.0
open_return,huber,"{'imputer__strategy': 'median', 'model__alpha': 0.001, 'model__epsilon': 1.35, 'scaler': RobustScaler(), 'variance__threshold': 0.0}",0.006711780990070917,5,142.4859263896942,0.003654606273022552,0.00578413247084138,-0.07119727926945396,0.5855689176688251,5.0
open_return,svr,"{'imputer__strategy': 'median', 'model__C': 1, 'model__epsilon': 0.01, 'model__gamma': 'scale', 'scaler': RobustScaler(), 'variance__threshold': 0.0}",0.004387706884421717,10,35.92429494857788,0.0037916665506246548,0.005844226906972456,-0.09357138619039818,0.5013876040703052,6.0
